image;size;selected
x.040.a.31-1.jpg;142x150;1
x.040.c.04-1.jpg;171x176;1
x.040.f.10-1.jpg;92x132;1
x.040.h.23-1.jpg;165x80;1
x.050.a.18-1.jpg;102x71;1
x.050.b.21-1.jpg;121x104;1
x.050.b.43-1.jpg;101x89;1
x.050.c.25-1.jpg;63x150;1
x.050.f.13-1.jpg;82x73;1
x.050.g.50-1.jpg;99x125;1
x.060.f.51-1.jpg;98x167;1
x.060.g.10-1.jpg;89x137;1
x.060.g.37-1.jpg;78x107;1
x.070.b.23-1.jpg;162x113;1
x.070.b.43-1.jpg;222x137;1
x.070.d.32-1.jpg;215x105;1
x.070.e.01-1.jpg;190x89;1
x.070.e.08-1.jpg;185x92;1
x.070.e.11-1.jpg;197x92;1
x.070.e.18-1.jpg;196x83;1
x.070.e.24-1.jpg;184x88;1
x.070.e.29-1.jpg;170x83;1
x.070.e.37-1.jpg;192x78;1
x.070.e.41-1.jpg;177x78;1
x.070.f.15-1.jpg;164x142;1
x.070.f.26-1.jpg;246x115;1
x.070.g.07-1.jpg;117x222;1
x.070.g.11-1.jpg;191x84;1
x.080.b.11-1.jpg;266x144;1
x.080.c.24-1.jpg;128x168;1
x.080.e.05-1.jpg;107x183;1
x.080.f.05-1.jpg;71x96;1
x.080.g.03-1.jpg;98x188;1
x.080.h.22-1.jpg;246x187;1
x.080.h.36--1.jpg;85x87;1
x.080.h.40-1.jpg;74x88;1
x.080.i.06-1.jpg;206x241;1
x.080.j.03-1.jpg;109x112;1
x.080.j.05-1.jpg;103x128;1
x.080.j.23-1.jpg;140x123;1
x.080.j.27-1.jpg;96x115;1
x.080.k.26-1.jpg;104x181;1
x.090.e.23-1.jpg;142x127;1
x.090.g.14-1.jpg;74x145;1
x.101.c.07-1.jpg;212x182;1
x.101.c.08-1.jpg;121x161;1
x.101.l.24-1.jpg;124x112;1
026r_b_02-2.jpg;111x83;1
a05v_1_a-8.jpg;92x118;1
a06v_5_a-8.jpg;71x102;1
a07v_1_a-8.jpg;70x107;1
a14r_2_a-8.jpg;76x103;1
a15v_4_a-8.jpg;84x116;1
a16r_3_a-8.jpg;86x137;1
a16v_2_a-8.jpg;70x142;1
a17v_2_b-8.jpg;94x156;1
a22v_1_b-8.jpg;87x99;1
a23v_2_a-8.jpg;83x105;1
a25r_4_a-8.jpg;83x109;1
a25v_3_a-8.jpg;85x140;1
a31v_3_a-8.jpg;84x114;1
a36v_1_a-8.jpg;92x130;1
a40v_1_a-8.jpg;101x175;1
a42v_1_a-8.jpg;76x100;1
a54r_4_a-8.jpg;65x109;1
v11r_2_a-8.jpg;83x137;1
v12v_3_a-8.jpg;130x90;1
v18v_3_a-8.jpg;94x137;1
v20r_3_a-8.jpg;125x122;1
v26v_5_a-8.jpg;83x132;1
v28r_3_a-8.jpg;91x139;1
v31r_1_a-8.jpg;93x127;1
v40r_4_a-8.jpg;104x140;1
v41r_4_b-8.jpg;96x150;1
v48r_3_a-8.jpg;112x166;1
v55r_3_a-8.jpg;112x174;1
376_20r_13-17.jpg;168x204;1
385_05r_01_19-18.jpg;147x176;1
385_12v_11_18-18.jpg;232x306;1
387_490r_18-19.jpg;77x74;1
387_490v_10-19.jpg;107x99;1
387_688v_04-19.jpg;102x136;1
387_689r_03-19.jpg;146x100;1
387_694r_09-19.jpg;90x102;1
387_495v_16-20.jpg;310x305;1
387_496r_09-20.jpg;94x104;1
387_498r_21-20.jpg;90x104;1
387_498v_29-20.jpg;110x124;1
387_499r_28-20.jpg;96x108;1
387_504r_44-20.jpg;118x154;1
387_505r_27-20.jpg;122x154;1
387_507v_28-20.jpg;72x150;1
387_516r_41-21.jpg;124x102;1
387_517v_32-21.jpg;142x144;1
387_524v_15-21.jpg;150x142;1
387_712v_24-21.jpg;112x118;1
387_714r_12-21.jpg;144x152;1
387_527r_01-22.jpg;138x206;1
387_536v_34-23.jpg;126x106;1
387_542v_32-24.jpg;102x115;1
387_546r_28-24.jpg;78x78;1
387_560r_37-26.jpg;53x68;1
387_565r_12-27.jpg;91x111;1
387_569v_34-27.jpg;72x62;1
387_570r_16-27.jpg;70x70;1
387_572v_24-27.jpg;92x94;1
387_576v_22-27.jpg;98x98;1
387_595r_40-28.jpg;130x88;1
387_602v_07-29.jpg;96x98;1
387_605r_22-29.jpg;94x112;1
387_606r_34-29.jpg;72x90;1
387_608v_37-29.jpg;175x113;1
387_742v_31-29.jpg;84x109;1
387_742v_35-29.jpg;88x92;1
387_613v_31-30.jpg;69x107;1
387_616v_44-30.jpg;119x111;1
387_619r_24-30.jpg;70x76;1
387_626v_33-31.jpg;120x70;1
387_628v_02-31.jpg;102x169;1
387_632v_12-31.jpg;92x84;1
387_633r_16-31.jpg;97x85;1
387_633v_02-31.jpg;90x81;1
387_643r_36-32.jpg;112x156;1
387_647r_05-33.jpg;98x92;1
387_647r_19-33.jpg;86x90;1
387_651r_17-33.jpg;126x126;1
387_652v_30-33.jpg;80x72;1
387_762r_14-33.jpg;124x98;1
387_660v_39-34.jpg;156x128;1
387_663v_13-34.jpg;124x144;1
387_668v_21-34.jpg;126x135;1
387_677v_20-34.jpg;112x88;1
387_678v_47-34.jpg;116x124;1
387_770r_46-35.jpg;154x142;1
387_784r_24-35.jpg;146x104;1
387_785r_27-35.jpg;111x113;1
387_785v_06-35.jpg;119x111;1
387_790v_37-35.jpg;82x80;1
387_793r_18-35.jpg;135x123;1
387_794v_36-35.jpg;106x86;1
387_796v_27-35.jpg;128x136;1
387_852v_06-35.jpg;147x162;1
387_809r_38-36.jpg;87x141;1
387_812r_42-36.jpg;79x100;1
387_826r_18-37.jpg;159x119;1
387_828v_15-37.jpg;142x132;1
387_839r_19-37.jpg;118x121;1
387_843r_31-37.jpg;98x104;1
387_857v_24-37.jpg;106x119;1
387_869v_11-38.jpg;95x92;1
387_877r_04-38.jpg;96x134;1
387_877v_29-38.jpg;140x125;1
387_878v_39-38.jpg;100x185;1
387_879v_06-38.jpg;115x93;1
387_897r_12-39.jpg;74x89;1
387_898r_32-39.jpg;119x137;1
387_901v_20-40.jpg;128x146;1
391_a_006b-42.jpg;90x128;1
391_a_018a-42.jpg;105x87;1
391_b_015a-42.jpg;165x177;1
mt_03v_t_06-43.jpg;213x259;1
mt_05v_t_03-43.jpg;236x361;1
mt_10r_t_02-43.jpg;293x293;1
mt_11v_t_08-43.jpg;168x113;1
mt_15r_t_02-43.jpg;230x321;1
mc2_e_014-44.jpg;177x127;1
mc2_i_077-44.jpg;208x206;1
rp_261r_01_12-45.jpg;125x105;1
rp_261r_02_12-45.jpg;181x109;1
rp_261r_03_11-45.jpg;139x143;1
rp_261v_01_12-45.jpg;128x142;1
rp_261v_02_12-45.jpg;146x136;1
rp_261v_03_08-45.jpg;145x127;1
rp_262r_01_08-45.jpg;146x128;1
rp_262r_02_09-45.jpg;208x124;1
rp_262r_03_09-45.jpg;144x126;1
rp_262v_02_10-45.jpg;85x94;1
rp_262v_03_09-45.jpg;103x104;1
rp_263r_02_08-45.jpg;130x121;1
rp_263r_03_08-45.jpg;125x114;1
rp_263v_01_09-45.jpg;106x108;1
rp_263v_02_09-45.jpg;98x88;1
rp_263v_03_08-45.jpg;108x101;1
rp_264r_01_09-45.jpg;103x94;1
rp_264r_03_09-45.jpg;100x89;1
rp_264v_03_08-45.jpg;91x103;1
rp_265r_01_11-45.jpg;126x114;1
rp_265r_02_07-45.jpg;113x107;1
rp_265r_03_08-45.jpg;107x144;1
rp_265v_01_08-45.jpg;161x153;1
rp_265v_02_08-45.jpg;139x125;1
rp_265v_03_09-45.jpg;124x117;1
rp_266r_01_11-45.jpg;135x127;1
rp_266r_03_08-45.jpg;112x99;1
rp_266v_02_08-45.jpg;106x96;1
rp_266v_03_08-45.jpg;149x145;1
k16_a_01-48.jpg;794x626;1
t_1_b_07-49.jpg;148x160;1
t_1_d_09-49.jpg;156x159;1
